-- phpMyAdmin SQL Dump
-- version 4.4.10
-- http://www.phpmyadmin.net
--
-- Host: localhost
-- Generation Time: Apr 20, 2016 at 09:20 PM
-- Server version: 5.5.42
-- PHP Version: 7.0.0

SET SQL_MODE = "NO_AUTO_VALUE_ON_ZERO";
SET time_zone = "+00:00";

--
-- Database: `db_ubet`
--

-- --------------------------------------------------------

--
-- Table structure for table `ci_sessions`
--

CREATE TABLE `ci_sessions` (
  `id` varchar(200) NOT NULL,
  `ip_address` varchar(200) NOT NULL,
  `timestamp` int(10) unsigned NOT NULL DEFAULT '0',
  `data` blob NOT NULL
) ENGINE=InnoDB DEFAULT CHARSET=latin1;

--
-- Dumping data for table `ci_sessions`
--

INSERT INTO `ci_sessions` (`id`, `ip_address`, `timestamp`, `data`) VALUES
('0176dd871e9d6008b3f7a1d60a394df235e65a4c', '::1', 1461173524, 0x5f5f63695f6c6173745f726567656e65726174657c693a313436313137333532343b),
('027c14ed245b11baad9f71baf4f24d2aa5f40ed9', '::1', 1461178067, 0x5f5f63695f6c6173745f726567656e65726174657c693a313436313137383036373b),
('030dd14723a9226cfe60ffd1e159803f4a25f5c6', '::1', 1461175652, 0x5f5f63695f6c6173745f726567656e65726174657c693a313436313137353635323b),
('04428f458ebdadf2e85f3e9e4ed40c9e07179379', '::1', 1461174385, 0x5f5f63695f6c6173745f726567656e65726174657c693a313436313137343338353b),
('04bb23ae5866397fa21e4371833a1842bd6ee053', '::1', 1461175947, 0x5f5f63695f6c6173745f726567656e65726174657c693a313436313137353934373b),
('05b9cadd9beb744992330a8045ba636b9c7d9231', '::1', 1461174762, 0x5f5f63695f6c6173745f726567656e65726174657c693a313436313137343736323b),
('05fab06f4c6dacd51b66b3d6679fe7d985d4734c', '::1', 1461175721, 0x5f5f63695f6c6173745f726567656e65726174657c693a313436313137353732313b),
('079fcf47e783a7a51eaa7bf81295fdc9d86dc594', '::1', 1461176973, 0x5f5f63695f6c6173745f726567656e65726174657c693a313436313137363937333b),
('08353ccb8e4efeb1732bc00b30299ea41a62d737', '::1', 1461176969, 0x5f5f63695f6c6173745f726567656e65726174657c693a313436313137363936393b),
('099b17abacb96676e8586ae1c38bf14d499f4e79', '::1', 1461175941, 0x5f5f63695f6c6173745f726567656e65726174657c693a313436313137353934313b),
('0b996fe8e8ba8385a5203ca601c76f6cb9c34fc4', '::1', 1461176430, 0x5f5f63695f6c6173745f726567656e65726174657c693a313436313137363433303b),
('0ceb80a6b71934c41cb303f63eb1028b181e8bd3', '::1', 1461177119, 0x5f5f63695f6c6173745f726567656e65726174657c693a313436313137373131393b),
('0d5256c398d3825c2e7780a8b95ce1657e6da212', '::1', 1461175955, 0x5f5f63695f6c6173745f726567656e65726174657c693a313436313137353935353b),
('0ed9809a75b514f4b120bcb75052ee1ab3eafa38', '::1', 1461175941, 0x5f5f63695f6c6173745f726567656e65726174657c693a313436313137353934313b),
('1068ba0c3afaa26c2acbe62c6e84f2cd38b57087', '::1', 1461175944, 0x5f5f63695f6c6173745f726567656e65726174657c693a313436313137353934343b),
('106a3946fc2afc1f38ff1a164e50a0d7b6cce9d9', '::1', 1461173431, 0x5f5f63695f6c6173745f726567656e65726174657c693a313436313137333433313b),
('109119f4e96110f14168529ac6b40e49f0773b52', '::1', 1461176485, 0x5f5f63695f6c6173745f726567656e65726174657c693a313436313137363438353b),
('10bbf1160de56266f63d0e1369a268b2465b3d7f', '::1', 1461177960, 0x5f5f63695f6c6173745f726567656e65726174657c693a313436313137373936303b),
('11a39877e08d297a65a71fa1f7f43a453222deba', '::1', 1461178333, 0x5f5f63695f6c6173745f726567656e65726174657c693a313436313137383333333b),
('13a37521726b993ba70232032f360205d5140b81', '::1', 1461175616, 0x5f5f63695f6c6173745f726567656e65726174657c693a313436313137353631363b),
('1717df7111ccbdf3e8c1a526c3f8d9c8d814e2a1', '::1', 1461175944, 0x5f5f63695f6c6173745f726567656e65726174657c693a313436313137353934343b),
('17d0c1c0fb920c5f7227dc92faccf3171f8d98a0', '::1', 1461174751, 0x5f5f63695f6c6173745f726567656e65726174657c693a313436313137343735313b),
('187b8dd2dcdb45933e9fbe0ad77e2edcbac81440', '::1', 1461177474, 0x5f5f63695f6c6173745f726567656e65726174657c693a313436313137373437343b),
('1944a0466edf6e6a349c38c95fe04e80d5a2b37f', '::1', 1461177070, 0x5f5f63695f6c6173745f726567656e65726174657c693a313436313137373037303b),
('1980c58d44e19eccc3e6128948ae86e22369615d', '::1', 1461172422, 0x5f5f63695f6c6173745f726567656e65726174657c693a313436313137323432323b),
('1d4c2e2ad989ab9261d821bffa70c9c47995bf56', '::1', 1461178310, 0x5f5f63695f6c6173745f726567656e65726174657c693a313436313137383331303b),
('1e5f9b843f54ed7ea27aa4ff0efa683ba1404fcb', '::1', 1461177448, 0x5f5f63695f6c6173745f726567656e65726174657c693a313436313137373434383b),
('22d10a0230471a55e665f56f720636c5c4d5570a', '::1', 1461173492, 0x5f5f63695f6c6173745f726567656e65726174657c693a313436313137333439323b),
('237844587a1d07993f9de0dec707ad6f1aad1314', '::1', 1461177136, 0x5f5f63695f6c6173745f726567656e65726174657c693a313436313137373133363b),
('261a56c0dbf553d93395bc98550ef11dd34f71cd', '::1', 1461176813, 0x5f5f63695f6c6173745f726567656e65726174657c693a313436313137363831333b),
('2d5cb59cde9eadd3a7e157219fd5cafbc807182e', '::1', 1461176442, 0x5f5f63695f6c6173745f726567656e65726174657c693a313436313137363434323b),
('2d93bd96296bbdb81e3f9a8c4aed83f365f5fc16', '::1', 1461175581, 0x5f5f63695f6c6173745f726567656e65726174657c693a313436313137353538313b),
('2d9d390b156b8ecc6d8b9d409242f715716a72f6', '::1', 1461175943, 0x5f5f63695f6c6173745f726567656e65726174657c693a313436313137353934333b),
('2f9ca82bad46f8ec175e78d4bb0ff4815a11ffa6', '::1', 1461178165, 0x5f5f63695f6c6173745f726567656e65726174657c693a313436313137383136353b),
('2ff938561b3eab6715c6cdcd112f6c38d5a23dcb', '::1', 1461176029, 0x5f5f63695f6c6173745f726567656e65726174657c693a313436313137363032393b),
('2fffe8de8134b6b09da0b6c70fed84de8fd5f9d5', '::1', 1461176087, 0x5f5f63695f6c6173745f726567656e65726174657c693a313436313137363038373b),
('3238fed30b72104ad12b8985ef16e8d2d5b583f6', '::1', 1461175036, 0x5f5f63695f6c6173745f726567656e65726174657c693a313436313137353033363b),
('323f30cd3e1269902b7790da85f32ccf30cde00d', '::1', 1461176485, 0x5f5f63695f6c6173745f726567656e65726174657c693a313436313137363438353b),
('341d6a477a244b641b4b87cac9a53edc974eb0b4', '::1', 1461174746, 0x5f5f63695f6c6173745f726567656e65726174657c693a313436313137343734363b),
('35a205c97c8ca94d1f31310e567db303f108f7a3', '::1', 1461176495, 0x5f5f63695f6c6173745f726567656e65726174657c693a313436313137363439353b),
('362d76da439cfeaa2e2544dccb7ff1fe65747a82', '::1', 1461177519, 0x5f5f63695f6c6173745f726567656e65726174657c693a313436313137373531393b),
('364e1da806f72f2a2efa74c56973caaa6a07606b', '::1', 1461178083, 0x5f5f63695f6c6173745f726567656e65726174657c693a313436313137383038333b),
('3c0bc05faa3e51beeb0065cc3d265a372ae44889', '::1', 1461175640, 0x5f5f63695f6c6173745f726567656e65726174657c693a313436313137353634303b),
('4047093c579b6986bb651c188598d380a916688c', '::1', 1461173630, 0x5f5f63695f6c6173745f726567656e65726174657c693a313436313137333633303b),
('41ad7cc7bf650534129c857240980cb2541e469c', '::1', 1461176256, 0x5f5f63695f6c6173745f726567656e65726174657c693a313436313137363235363b),
('43682eb2f6139dcc5eea78ddd6385d0b0467c052', '::1', 1461175015, 0x5f5f63695f6c6173745f726567656e65726174657c693a313436313137353031353b),
('43fb599268a01b68c51d9de8ca613c8611ff3b39', '::1', 1461177216, 0x5f5f63695f6c6173745f726567656e65726174657c693a313436313137373231363b),
('4430c426cf7aec3a10a07e05e4c2ac44466aa7fb', '::1', 1461178240, 0x5f5f63695f6c6173745f726567656e65726174657c693a313436313137383234303b),
('46139d65f111f2bdd5920e63bfecc737bad73746', '::1', 1461174925, 0x5f5f63695f6c6173745f726567656e65726174657c693a313436313137343932353b),
('4656591e3cf57cf41527ed1a9413df4b7f1ec734', '::1', 1461176907, 0x5f5f63695f6c6173745f726567656e65726174657c693a313436313137363930373b),
('46965124455497b871193af50908c44697bfa874', '::1', 1461175940, 0x5f5f63695f6c6173745f726567656e65726174657c693a313436313137353934303b),
('47386805914b02a471b8be58c9d2f5dd405da403', '::1', 1461175937, 0x5f5f63695f6c6173745f726567656e65726174657c693a313436313137353933373b),
('4783675058054b20e22b68826faa3e67a3d8dd77', '::1', 1461175947, 0x5f5f63695f6c6173745f726567656e65726174657c693a313436313137353934373b),
('49020e5260b5980e0832d69c1a014a9fc00c4bfa', '::1', 1461174432, 0x5f5f63695f6c6173745f726567656e65726174657c693a313436313137343433323b),
('498652d3b9d46681b1583ebe427fa5daa898dd9f', '::1', 1461174676, 0x5f5f63695f6c6173745f726567656e65726174657c693a313436313137343637363b),
('4a3ba71317c4dbe22936939b027e2f03c70dc744', '::1', 1461172422, 0x5f5f63695f6c6173745f726567656e65726174657c693a313436313137323432323b),
('4ab1270fbb22d70ed1ba82178a3904f966f7aa42', '::1', 1461173653, 0x5f5f63695f6c6173745f726567656e65726174657c693a313436313137333635333b),
('4bb5dbc409ae17da57b57b044ebe2b2edba212f9', '::1', 1461176498, 0x5f5f63695f6c6173745f726567656e65726174657c693a313436313137363439383b),
('4c920ca5401cf3b0a769ba9b0488f3fa970e0fef', '::1', 1461176887, 0x5f5f63695f6c6173745f726567656e65726174657c693a313436313137363838373b),
('4ddb21b1879ab9d2512a2b492371bc1ef196800d', '::1', 1461176813, 0x5f5f63695f6c6173745f726567656e65726174657c693a313436313137363831333b),
('4efe2c82a7bce5528259ac52d5ab9905530bc3c7', '::1', 1461177508, 0x5f5f63695f6c6173745f726567656e65726174657c693a313436313137373530383b),
('5043ed6f8f372d1b2c755c6951509e83b8bd0ff8', '::1', 1461176493, 0x5f5f63695f6c6173745f726567656e65726174657c693a313436313137363439333b),
('5247cb61dbbc1374721b6c4f6154ad18d1e8541a', '::1', 1461175941, 0x5f5f63695f6c6173745f726567656e65726174657c693a313436313137353934313b),
('530a88660f2ba3fb35eb469949d8190fcc73aa87', '::1', 1461174676, 0x5f5f63695f6c6173745f726567656e65726174657c693a313436313137343637363b),
('5391e48064b770a8456d911d7e03bb94c2faf1a6', '::1', 1461177514, 0x5f5f63695f6c6173745f726567656e65726174657c693a313436313137373531343b),
('53f45530970a99f6f839f4cc3083086ec664050c', '::1', 1461176937, 0x5f5f63695f6c6173745f726567656e65726174657c693a313436313137363933373b),
('5416c23cda65ade571c58b5f0cc0440108ca9480', '::1', 1461175951, 0x5f5f63695f6c6173745f726567656e65726174657c693a313436313137353935313b),
('5976b274c5457ddc425171227a549c5a1b092093', '::1', 1461172418, 0x5f5f63695f6c6173745f726567656e65726174657c693a313436313137323431383b),
('5cc8e70408cbe4f4bbb9308565049ef10a2f6a7c', '::1', 1461175528, 0x5f5f63695f6c6173745f726567656e65726174657c693a313436313137353532383b),
('5e2ac72ec5a9cdb7c8252eebc851cfd8536f6caa', '::1', 1461177222, 0x5f5f63695f6c6173745f726567656e65726174657c693a313436313137373232323b),
('5eb14bccc5b06701146f30187cdede7b8ed25745', '::1', 1461176346, 0x5f5f63695f6c6173745f726567656e65726174657c693a313436313137363334363b),
('5f2464cae0704f733a2de72caa981620cdbf8368', '::1', 1461178366, 0x5f5f63695f6c6173745f726567656e65726174657c693a313436313137383336363b),
('5f4c87f86b08acaa1331f9b1c025fe5a550bb80a', '::1', 1461174551, 0x5f5f63695f6c6173745f726567656e65726174657c693a313436313137343535313b),
('5f845d44eb9a8adee19633e01d94a243ac9455b1', '::1', 1461176973, 0x5f5f63695f6c6173745f726567656e65726174657c693a313436313137363937333b),
('6577a85e3765346d0036a0b79e7d09f43c8c1772', '::1', 1461175993, 0x5f5f63695f6c6173745f726567656e65726174657c693a313436313137353939333b),
('659e9d35c346296710b0ac17bc5d1f31b96c7fb2', '::1', 1461177053, 0x5f5f63695f6c6173745f726567656e65726174657c693a313436313137373035333b),
('660b77b37902f21aea9b0f2bee8d957e177f9154', '::1', 1461174762, 0x5f5f63695f6c6173745f726567656e65726174657c693a313436313137343736323b),
('67233495aedcadd80381634b913f67a72b80e036', '::1', 1461172072, 0x5f5f63695f6c6173745f726567656e65726174657c693a313436313137323037323b),
('6abfb125e8f0a6f3dc68405360e13157e8c63852', '::1', 1461172085, 0x5f5f63695f6c6173745f726567656e65726174657c693a313436313137323038353b),
('6b87374a90caeb5a3e5ffb77e5fd179b30bf38d3', '::1', 1461175810, 0x5f5f63695f6c6173745f726567656e65726174657c693a313436313137353831303b),
('6d60e5f6151016fb634c96a9027e16fd9aa7023e', '::1', 1461178157, 0x5f5f63695f6c6173745f726567656e65726174657c693a313436313137383135373b),
('6ea70e9c8218f03bdb0c816a3c9fc8d9c7826d96', '::1', 1461176436, 0x5f5f63695f6c6173745f726567656e65726174657c693a313436313137363433363b),
('712fe6518218ee489e698a5b60212155b5e923b0', '::1', 1461176970, 0x5f5f63695f6c6173745f726567656e65726174657c693a313436313137363937303b),
('752354d2f1a852c22f1e2d35374edaa4742371d6', '::1', 1461174638, 0x5f5f63695f6c6173745f726567656e65726174657c693a313436313137343633383b),
('7615d1fb0c24f6d45fd62b06df7ce094de6a0946', '::1', 1461172085, 0x5f5f63695f6c6173745f726567656e65726174657c693a313436313137323038353b),
('76e31fcf3c0b8de620afd8a6e5bd1f3816c6996f', '::1', 1461177165, 0x5f5f63695f6c6173745f726567656e65726174657c693a313436313137373136353b),
('775638f51dedaedd9f26cc8d8362f4dcaa2ced90', '::1', 1461175059, 0x5f5f63695f6c6173745f726567656e65726174657c693a313436313137353035393b),
('784744ea82678d4c19774346efce69c586890a31', '::1', 1461174562, 0x5f5f63695f6c6173745f726567656e65726174657c693a313436313137343536323b),
('799d5ac3065e4e6c88315cd47b68601e0374928a', '::1', 1461178345, 0x5f5f63695f6c6173745f726567656e65726174657c693a313436313137383334353b),
('7a1fd496da25dc9fe50ab601a0224adcfcf98b14', '::1', 1461178109, 0x5f5f63695f6c6173745f726567656e65726174657c693a313436313137383130393b),
('7a7845e811fa1fe9ce867e26ec7d9dcfb159bf70', '::1', 1461175944, 0x5f5f63695f6c6173745f726567656e65726174657c693a313436313137353934343b),
('7aa86aa117b8329b2b567aaa7b9eec2ab621b739', '::1', 1461175222, 0x5f5f63695f6c6173745f726567656e65726174657c693a313436313137353232323b),
('7d1795dad477c371f7a1b22b6d6f160f26f243d2', '::1', 1461178171, 0x5f5f63695f6c6173745f726567656e65726174657c693a313436313137383137313b),
('7d321e366180f9f28723f5f82f526681cec3ce03', '::1', 1461172428, 0x5f5f63695f6c6173745f726567656e65726174657c693a313436313137323432383b),
('7fbc5608371b368906b18648f232290d6ee25905', '::1', 1461175707, 0x5f5f63695f6c6173745f726567656e65726174657c693a313436313137353730373b),
('807f230fa83e0bb8a441cfa9ef0fae8bed1b4750', '::1', 1461176256, 0x5f5f63695f6c6173745f726567656e65726174657c693a313436313137363235363b),
('809e7826e6807e64b2e716fb45d4c7414b3c63ed', '::1', 1461177147, 0x5f5f63695f6c6173745f726567656e65726174657c693a313436313137373134373b),
('80ab192df38392d561ab50c7d12402a6b5370857', '::1', 1461174488, 0x5f5f63695f6c6173745f726567656e65726174657c693a313436313137343438383b),
('80cb7ec1154a7edfe231f563f8d064419097737f', '::1', 1461176115, 0x5f5f63695f6c6173745f726567656e65726174657c693a313436313137363131353b),
('81390a704fe023a7f39be67049bbfdced487610f', '::1', 1461177224, 0x5f5f63695f6c6173745f726567656e65726174657c693a313436313137373232343b),
('86127f798886885377249788351188a15e3266d3', '::1', 1461178171, 0x5f5f63695f6c6173745f726567656e65726174657c693a313436313137383137313b),
('8965ddafb44c5f7304906b6b5ccfd82e0a8ad46f', '::1', 1461174650, 0x5f5f63695f6c6173745f726567656e65726174657c693a313436313137343635303b),
('8c6291fd8f9fda3c2020b5af753a560b6f30847b', '::1', 1461175721, 0x5f5f63695f6c6173745f726567656e65726174657c693a313436313137353732313b),
('8d40816d2ac2b25b60b491810121aba10bd48a18', '::1', 1461175993, 0x5f5f63695f6c6173745f726567656e65726174657c693a313436313137353939333b),
('90bda2a50dc57c9b7571c656a8c72df08c2ea5f3', '::1', 1461176858, 0x5f5f63695f6c6173745f726567656e65726174657c693a313436313137363835383b),
('91fca17b99a773d475781c49290555f424d20f1b', '::1', 1461175476, 0x5f5f63695f6c6173745f726567656e65726174657c693a313436313137353437363b),
('93bfa59eb6a3367b8e3f1e93a357ebfd67d2a034', '::1', 1461175950, 0x5f5f63695f6c6173745f726567656e65726174657c693a313436313137353935303b),
('94c2a0066a108f1cd0484009c69af6b9bbb2646a', '::1', 1461174987, 0x5f5f63695f6c6173745f726567656e65726174657c693a313436313137343938373b),
('95c7fdc8ebca5bd33139b792202ef85cc4eb492e', '::1', 1461177119, 0x5f5f63695f6c6173745f726567656e65726174657c693a313436313137373131393b),
('95d1772e03d554c28308886f35d0cd1ce89e1c5f', '::1', 1461177119, 0x5f5f63695f6c6173745f726567656e65726174657c693a313436313137373131393b),
('95f7c1ce120f6faa9ec4f2a30512c31f41b45ed3', '::1', 1461177222, 0x5f5f63695f6c6173745f726567656e65726174657c693a313436313137373232323b),
('973c564f395d74b190132dd3a470dfe3b60211d8', '::1', 1461175936, 0x5f5f63695f6c6173745f726567656e65726174657c693a313436313137353933363b),
('97e1c0576493facb64e816c61da4543cba60e98d', '::1', 1461177224, 0x5f5f63695f6c6173745f726567656e65726174657c693a313436313137373232343b),
('98fcb5bdbf62fec3c67f623283a889167c24e5f2', '::1', 1461176812, 0x5f5f63695f6c6173745f726567656e65726174657c693a313436313137363831323b),
('9b20bdff171b5a31e4afe71bc66689623ba3d891', '::1', 1461175543, 0x5f5f63695f6c6173745f726567656e65726174657c693a313436313137353534333b),
('9b7641778d856bf9d4b24af34d6387a4b605dc6d', '::1', 1461175926, 0x5f5f63695f6c6173745f726567656e65726174657c693a313436313137353932363b),
('9bbd1fb598043b3a1a1d40a3b2bb96e49e525b20', '::1', 1461176045, 0x5f5f63695f6c6173745f726567656e65726174657c693a313436313137363034353b),
('9c9079577a694489a826278b26c8f242dec6aea4', '::1', 1461175543, 0x5f5f63695f6c6173745f726567656e65726174657c693a313436313137353534333b),
('9cc9374d3c84bc7377b642b7520538868ce499c8', '::1', 1461175493, 0x5f5f63695f6c6173745f726567656e65726174657c693a313436313137353439333b),
('9cd45c7f65a929e4fe674a762b18eaabe1bcfbe9', '::1', 1461176022, 0x5f5f63695f6c6173745f726567656e65726174657c693a313436313137363032323b),
('9d80bd5e1514b43e6c5d4c14d3f9755d243e4eac', '::1', 1461173553, 0x5f5f63695f6c6173745f726567656e65726174657c693a313436313137333535333b),
('a15a6b3f071494db1b4ddc58f3070368ae40c9ce', '::1', 1461176226, 0x5f5f63695f6c6173745f726567656e65726174657c693a313436313137363232363b),
('a364ee775d6f54d14b027f9c694480b8797b79be', '::1', 1461178255, 0x5f5f63695f6c6173745f726567656e65726174657c693a313436313137383235353b),
('a376729bb0fe404d7285a88acc744ff5b9da0b90', '::1', 1461176029, 0x5f5f63695f6c6173745f726567656e65726174657c693a313436313137363032393b),
('a3e6e1ee24ce1d698485f1f9d25c0b20def295e6', '::1', 1461174479, 0x5f5f63695f6c6173745f726567656e65726174657c693a313436313137343437393b),
('a4627518db76616493e401071ec3da8f48a5e718', '::1', 1461175065, 0x5f5f63695f6c6173745f726567656e65726174657c693a313436313137353036353b),
('a60a88b85bd76054b8a5bdf00a0e3981e23c815b', '::1', 1461174723, 0x5f5f63695f6c6173745f726567656e65726174657c693a313436313137343732333b),
('a73ecf3af7285b015042229aa72520cf57071f8e', '::1', 1461176031, 0x5f5f63695f6c6173745f726567656e65726174657c693a313436313137363033313b),
('ac3afacfe8f299d89b8d56a3640c75f70157d649', '::1', 1461172099, 0x5f5f63695f6c6173745f726567656e65726174657c693a313436313137323039393b),
('ad9a82dd0d4a716b3b5447350291608c8d0255d2', '::1', 1461175485, 0x5f5f63695f6c6173745f726567656e65726174657c693a313436313137353438353b),
('aef5043d3242d2a46f95fe573c73ee25e05283c5', '::1', 1461176442, 0x5f5f63695f6c6173745f726567656e65726174657c693a313436313137363434323b),
('af2daee0590ada40cdc900b7f8e06fd59561f106', '::1', 1461175476, 0x5f5f63695f6c6173745f726567656e65726174657c693a313436313137353437363b),
('b137915fcd25140ff916f12121d6b1cfcf114ff2', '::1', 1461174660, 0x5f5f63695f6c6173745f726567656e65726174657c693a313436313137343636303b),
('ba9b627cd696d758031fa40814e271f280dcae87', '::1', 1461177438, 0x5f5f63695f6c6173745f726567656e65726174657c693a313436313137373433383b),
('bd2e3e8bf6b17ab9b5ae468aef6e6097fa12def7', '::1', 1461177165, 0x5f5f63695f6c6173745f726567656e65726174657c693a313436313137373136353b),
('bd4222f44ba4b857c29ee5b57f522823a5950508', '::1', 1461175955, 0x5f5f63695f6c6173745f726567656e65726174657c693a313436313137353935353b),
('bd85b6758082924cf42f33f5a11dfed9230100b5', '::1', 1461175222, 0x5f5f63695f6c6173745f726567656e65726174657c693a313436313137353232323b),
('bdace133ac273e62dd09b2bf5eef1ab0ad607494', '::1', 1461173368, 0x5f5f63695f6c6173745f726567656e65726174657c693a313436313137333336383b),
('be12152f16ce1b6cf09d0e784d1ed6a3a8b64f12', '::1', 1461175721, 0x5f5f63695f6c6173745f726567656e65726174657c693a313436313137353732313b),
('c0cc80071400355f44a5660e6d10ea12e0f00546', '::1', 1461177237, 0x5f5f63695f6c6173745f726567656e65726174657c693a313436313137373233373b),
('c242764805a4d1655bbc9910b019669cf9da77ae', '::1', 1461175936, 0x5f5f63695f6c6173745f726567656e65726174657c693a313436313137353933363b),
('c420b8d80f5600ad86e1c480e62791cd0bc7b35e', '::1', 1461174517, 0x5f5f63695f6c6173745f726567656e65726174657c693a313436313137343531373b),
('c775af83608ad05f658c38754231ec05f4733f27', '::1', 1461176436, 0x5f5f63695f6c6173745f726567656e65726174657c693a313436313137363433363b),
('c7d4b938fda8a5ed8b82f88eed21d915d4fd7a6f', '::1', 1461175926, 0x5f5f63695f6c6173745f726567656e65726174657c693a313436313137353932363b),
('ca6a3275ab9e2c6d828dfd01e3099aa3e838c3af', '::1', 1461177103, 0x5f5f63695f6c6173745f726567656e65726174657c693a313436313137373130333b),
('cd290e95bfe87065ce2c9c5aa805021054a08d1c', '::1', 1461174570, 0x5f5f63695f6c6173745f726567656e65726174657c693a313436313137343537303b),
('d0f555a4dce2c4e4e1819c27c2e55eb0ca1dee22', '::1', 1461173613, 0x5f5f63695f6c6173745f726567656e65726174657c693a313436313137333631333b),
('d2d6b90d0161405a830e9bf141f773b423716283', '::1', 1461176031, 0x5f5f63695f6c6173745f726567656e65726174657c693a313436313137363033313b),
('d4b52a358a8003ccb4c5677a45b0d96f079a2ce1', '::1', 1461176239, 0x5f5f63695f6c6173745f726567656e65726174657c693a313436313137363233393b),
('d5b556d9646191136392ff498111b2d2e30a0dda', '::1', 1461175528, 0x5f5f63695f6c6173745f726567656e65726174657c693a313436313137353532383b),
('d6ca72ee0a5ee030f65641943e88ae80369cb922', '::1', 1461176493, 0x5f5f63695f6c6173745f726567656e65726174657c693a313436313137363439333b),
('d7f7a0ac631de5ca8864daff2ebb56c161fd658e', '::1', 1461172428, 0x5f5f63695f6c6173745f726567656e65726174657c693a313436313137323432383b),
('d9bdb5b26274518d930ddad2e32ce84e435df005', '::1', 1461173680, 0x5f5f63695f6c6173745f726567656e65726174657c693a313436313137333638303b),
('da63c6db1f78d49ea649d118337035608e74ce83', '::1', 1461177514, 0x5f5f63695f6c6173745f726567656e65726174657c693a313436313137373531343b),
('da8e0933f152fdcaf6a2eb9eaedaafcf32b94599', '::1', 1461177519, 0x5f5f63695f6c6173745f726567656e65726174657c693a313436313137373531393b),
('dbb5129a0af33d08429b6cd949ee994ae79e5d8e', '::1', 1461173420, 0x5f5f63695f6c6173745f726567656e65726174657c693a313436313137333432303b),
('e098f49d231567e8a552105fec9e28cb26426532', '::1', 1461175920, 0x5f5f63695f6c6173745f726567656e65726174657c693a313436313137353932303b),
('e30bef75bdad99d6da0a0d5cc89e1ff452f2b215', '::1', 1461175951, 0x5f5f63695f6c6173745f726567656e65726174657c693a313436313137353935313b),
('e5983409da0ad428cb6a9a1dbc84bbd43f3e6516', '::1', 1461176969, 0x5f5f63695f6c6173745f726567656e65726174657c693a313436313137363936393b),
('e72c02ce67a2fc07dc902bd31b80fee5d541089e', '::1', 1461176498, 0x5f5f63695f6c6173745f726567656e65726174657c693a313436313137363439383b),
('e72ce944e9f99a8917b8eec4566d89320f34d744', '::1', 1461176495, 0x5f5f63695f6c6173745f726567656e65726174657c693a313436313137363439353b),
('e764f2ed7e819e07a84f719eaf096cb912ea4f18', '::1', 1461175557, 0x5f5f63695f6c6173745f726567656e65726174657c693a313436313137353535373b),
('e8f25aed1e420edca0fb7225c69574d245060638', '::1', 1461179426, 0x5f5f63695f6c6173745f726567656e65726174657c693a313436313137393432363b),
('eaeba2bfd53bfb1796c77e81b33e2c496567e2f3', '::1', 1461175989, 0x5f5f63695f6c6173745f726567656e65726174657c693a313436313137353938393b),
('eda1d7e9e28d845288c3f5c2b70df3a8ac3eeefe', '::1', 1461174450, 0x5f5f63695f6c6173745f726567656e65726174657c693a313436313137343435303b),
('f05958402ddcd136ce26d69568e8de44028ca85f', '::1', 1461175581, 0x5f5f63695f6c6173745f726567656e65726174657c693a313436313137353538313b),
('f162d11c52a968776d2956051a2db65025bf6647', '::1', 1461174399, 0x5f5f63695f6c6173745f726567656e65726174657c693a313436313137343339393b),
('f6b8b34b0f35a1cca3005af784bb6c73776cdea4', '::1', 1461172418, 0x5f5f63695f6c6173745f726567656e65726174657c693a313436313137323431383b),
('f894080e2b88d40437d4e760cc34ccbc9c2efb23', '::1', 1461178283, 0x5f5f63695f6c6173745f726567656e65726174657c693a313436313137383238333b),
('f94aa8f3bd4d101b99e8cc3dae96727198193786', '::1', 1461173398, 0x5f5f63695f6c6173745f726567656e65726174657c693a313436313137333339383b),
('f97457730db4e1c9c5f892e51378c15744cc2118', '::1', 1461175950, 0x5f5f63695f6c6173745f726567656e65726174657c693a313436313137353935303b),
('f99c76243b509114cbed8e0e8c103ec446b01f55', '::1', 1461175810, 0x5f5f63695f6c6173745f726567656e65726174657c693a313436313137353831303b),
('fd78bdb91efc0a7396f792900b2ebeb5191111bc', '::1', 1461175071, 0x5f5f63695f6c6173745f726567656e65726174657c693a313436313137353037313b),
('fde4d0709b07fa6a668bd89f167870f309f37c4b', '::1', 1461175937, 0x5f5f63695f6c6173745f726567656e65726174657c693a313436313137353933373b),
('feefb750cf9ff2fb930be3dc18422e114b274cf1', '::1', 1461176115, 0x5f5f63695f6c6173745f726567656e65726174657c693a313436313137363131353b),
('ff54461b9ded10fd585a710939358b909ac196b5', '::1', 1461176970, 0x5f5f63695f6c6173745f726567656e65726174657c693a313436313137363937303b);

-- --------------------------------------------------------

--
-- Table structure for table `tbl_bets`
--

CREATE TABLE `tbl_bets` (
  `bet_id` int(10) unsigned NOT NULL,
  `bet_name` varchar(50) NOT NULL,
  `bet_status` int(10) unsigned NOT NULL,
  `start_date` datetime NOT NULL,
  `end_date` datetime NOT NULL,
  `wager_amount` int(10) unsigned NOT NULL,
  `bet_image` varchar(50) DEFAULT NULL,
  `bet_terms` text NOT NULL,
  `winner_id` int(10) unsigned DEFAULT NULL,
  `date_created` timestamp NULL DEFAULT CURRENT_TIMESTAMP
) ENGINE=InnoDB AUTO_INCREMENT=39 DEFAULT CHARSET=latin1;

--
-- Dumping data for table `tbl_bets`
--

INSERT INTO `tbl_bets` (`bet_id`, `bet_name`, `bet_status`, `start_date`, `end_date`, `wager_amount`, `bet_image`, `bet_terms`, `winner_id`, `date_created`) VALUES
(29, 'Tanner''s Bet', 3, '2016-04-17 06:00:00', '2016-04-18 05:59:00', 7, '', 'Bet terms would go in here', 6, '2016-04-20 09:38:23'),
(30, 'Vanessa''s Test Bet', 6, '2016-04-20 12:42:34', '2016-04-20 12:42:34', 5, '', 'Here are my bet terms!', NULL, '2016-04-20 10:43:25'),
(31, 'I bet Mike won''t show up to work on time on Monday', 5, '2016-04-25 06:00:00', '2016-04-27 05:59:00', 5, '', 'Mike has to show up to work before 9am on Monday to win the bet!', NULL, '2016-04-20 10:50:45'),
(32, 'I bet Winston will win at trivia night', 3, '2016-04-17 06:00:00', '2016-04-18 05:59:00', 5, '', 'Winston will win trivia night!', 1, '2016-04-20 10:54:40'),
(33, 'Adele''s opening song will be ''Hello''', 5, '2016-04-20 06:00:00', '2016-04-23 05:59:00', 5, '', 'When we see Adele in concert tonight her opening song will be ''hello''!', NULL, '2016-04-20 11:00:53'),
(34, 'Paul will forget to bring the GPS', 5, '2016-04-20 06:00:00', '2016-04-23 05:59:00', 5, '', 'I bet Paul will forget to bring the GPS on the road trip this Saturday.', NULL, '2016-04-20 11:03:06'),
(35, 'I bet the pizza will be late!', 3, '2016-04-19 06:00:00', '2016-04-19 05:59:00', 5, '', 'I bet the pizza we just ordered from Pizza Pizza will arrive after 615pm', 6, '2016-04-20 17:55:25'),
(36, 'Bet Bob', 2, '2016-04-18 06:00:00', '2016-04-19 05:59:00', 5, '', 'Im betting Bob', NULL, '2016-04-20 18:13:09'),
(37, 'Vanessa''s Bet', 3, '2016-04-18 06:00:00', '2016-04-19 05:59:00', 5, '', 'Vanessa''s bet goes here', 1, '2016-04-20 18:27:38'),
(38, 'Winston Bets Vanessa', 3, '2016-04-18 06:00:00', '2016-04-19 05:59:00', 5, '', 'Bet terms go here', 5, '2016-04-20 18:46:00');

-- --------------------------------------------------------

--
-- Table structure for table `tbl_bet_participants`
--

CREATE TABLE `tbl_bet_participants` (
  `participants_id` int(10) unsigned NOT NULL,
  `bet_id` int(10) unsigned NOT NULL,
  `user_id` int(10) unsigned NOT NULL,
  `role_id` int(10) unsigned NOT NULL,
  `accepted_bet` int(10) unsigned DEFAULT NULL
) ENGINE=InnoDB AUTO_INCREMENT=88 DEFAULT CHARSET=latin1;

--
-- Dumping data for table `tbl_bet_participants`
--

INSERT INTO `tbl_bet_participants` (`participants_id`, `bet_id`, `user_id`, `role_id`, `accepted_bet`) VALUES
(64, 29, 5, 2, 1),
(65, 29, 6, 1, 1),
(66, 30, 2, 2, 3),
(67, 30, 4, 3, 3),
(68, 30, 1, 1, 1),
(69, 31, 5, 1, 1),
(70, 32, 5, 2, 1),
(71, 32, 1, 1, 1),
(72, 33, 1, 2, 3),
(73, 33, 2, 3, 3),
(74, 33, 6, 1, 1),
(75, 34, 5, 2, 1),
(76, 34, 2, 3, 3),
(77, 34, 6, 1, 1),
(78, 35, 6, 2, 1),
(79, 35, 2, 3, 1),
(80, 35, 1, 1, 1),
(81, 36, 3, 2, 1),
(82, 36, 2, 1, 1),
(83, 37, 2, 2, 1),
(84, 37, 1, 1, 1),
(85, 38, 1, 2, 1),
(86, 38, 2, 3, 1),
(87, 38, 5, 1, 1);

-- --------------------------------------------------------

--
-- Table structure for table `tbl_bet_status`
--

CREATE TABLE `tbl_bet_status` (
  `status_id` int(10) unsigned NOT NULL,
  `status_name` varchar(50) NOT NULL
) ENGINE=InnoDB AUTO_INCREMENT=7 DEFAULT CHARSET=latin1;

--
-- Dumping data for table `tbl_bet_status`
--

INSERT INTO `tbl_bet_status` (`status_id`, `status_name`) VALUES
(1, 'ACTIVE'),
(6, 'DENIED'),
(2, 'IN_RESOLUTION'),
(5, 'PENDING'),
(3, 'RESOLVED_ARCHIVED'),
(4, 'UNRESOLVED_ARCHIVED');

-- --------------------------------------------------------

--
-- Table structure for table `tbl_cities`
--

CREATE TABLE `tbl_cities` (
  `city_id` int(10) unsigned NOT NULL,
  `city_name` varchar(50) NOT NULL,
  `city_state_province` int(10) unsigned NOT NULL,
  `city_country` int(10) unsigned NOT NULL
) ENGINE=InnoDB DEFAULT CHARSET=latin1;

-- --------------------------------------------------------

--
-- Table structure for table `tbl_countries`
--

CREATE TABLE `tbl_countries` (
  `country_id` int(10) unsigned NOT NULL,
  `country_name` int(10) unsigned NOT NULL
) ENGINE=InnoDB DEFAULT CHARSET=latin1;

-- --------------------------------------------------------

--
-- Table structure for table `tbl_currency_log`
--

CREATE TABLE `tbl_currency_log` (
  `entry_id` int(10) unsigned NOT NULL,
  `user_id` int(10) unsigned NOT NULL,
  `starting_balance` int(10) unsigned NOT NULL,
  `transaction_amount` int(11) NOT NULL,
  `ending_balance` int(10) unsigned NOT NULL,
  `transaction_source` int(10) unsigned NOT NULL,
  `bet_id` int(10) unsigned DEFAULT NULL,
  `entry_date` timestamp NOT NULL DEFAULT CURRENT_TIMESTAMP
) ENGINE=InnoDB AUTO_INCREMENT=63 DEFAULT CHARSET=latin1;

--
-- Dumping data for table `tbl_currency_log`
--

INSERT INTO `tbl_currency_log` (`entry_id`, `user_id`, `starting_balance`, `transaction_amount`, `ending_balance`, `transaction_source`, `bet_id`, `entry_date`) VALUES
(39, 5, 35, -7, 28, 2, 29, '2016-04-20 09:39:42'),
(40, 6, 50, 14, 64, 3, 29, '2016-04-20 09:43:00'),
(41, 1, 50, 0, 50, 1, NULL, '2016-04-20 10:43:25'),
(42, 1, 50, -5, 45, 2, 30, '2016-04-20 10:43:25'),
(43, 5, 28, -5, 23, 2, 31, '2016-04-20 10:50:46'),
(44, 1, 50, -5, 45, 2, 32, '2016-04-20 10:54:40'),
(45, 5, 23, -5, 18, 2, 32, '2016-04-20 10:56:00'),
(46, 6, 64, -5, 59, 2, 33, '2016-04-20 11:00:53'),
(47, 6, 59, -5, 54, 2, 34, '2016-04-20 11:03:06'),
(48, 5, 18, -5, 13, 2, 34, '2016-04-20 11:04:06'),
(49, 1, 45, 10, 55, 3, 32, '2016-04-20 11:08:17'),
(50, 1, 55, -5, 50, 2, 35, '2016-04-20 17:55:25'),
(51, 6, 54, -5, 49, 2, 35, '2016-04-20 17:56:55'),
(52, 2, 50, 0, 50, 1, NULL, '2016-04-20 18:13:09'),
(53, 2, 50, -5, 45, 2, 36, '2016-04-20 18:13:09'),
(54, 3, 50, 0, 50, 1, NULL, '2016-04-20 18:14:05'),
(55, 3, 50, -5, 45, 2, 36, '2016-04-20 18:14:05'),
(56, 1, 50, -5, 45, 2, 37, '2016-04-20 18:27:38'),
(57, 2, 50, -5, 45, 2, 37, '2016-04-20 18:28:27'),
(58, 1, 45, 10, 55, 3, 37, '2016-04-20 18:32:16'),
(59, 6, 49, 10, 59, 3, 35, '2016-04-20 18:37:18'),
(60, 5, 13, -5, 8, 2, 38, '2016-04-20 18:46:00'),
(61, 1, 55, -5, 50, 2, 38, '2016-04-20 18:48:02'),
(62, 5, 8, 10, 18, 3, 38, '2016-04-20 18:52:25');

-- --------------------------------------------------------

--
-- Table structure for table `tbl_currency_source`
--

CREATE TABLE `tbl_currency_source` (
  `source_id` int(10) unsigned NOT NULL,
  `source_name` varchar(50) NOT NULL
) ENGINE=InnoDB AUTO_INCREMENT=5 DEFAULT CHARSET=latin1;

--
-- Dumping data for table `tbl_currency_source`
--

INSERT INTO `tbl_currency_source` (`source_id`, `source_name`) VALUES
(1, 'SIGN_UP'),
(2, 'BET'),
(3, 'BET_WIN'),
(4, 'BET_REFUND');

-- --------------------------------------------------------

--
-- Table structure for table `tbl_events`
--

CREATE TABLE `tbl_events` (
  `event_id` int(10) unsigned NOT NULL,
  `user_id` int(10) unsigned NOT NULL,
  `bet_id` int(10) unsigned NOT NULL,
  `event_type` int(10) unsigned NOT NULL,
  `event_content` varchar(300) NOT NULL,
  `event_datetime` timestamp NOT NULL DEFAULT CURRENT_TIMESTAMP,
  `link` varchar(255) NOT NULL
) ENGINE=InnoDB AUTO_INCREMENT=27 DEFAULT CHARSET=latin1;

--
-- Dumping data for table `tbl_events`
--

INSERT INTO `tbl_events` (`event_id`, `user_id`, `bet_id`, `event_type`, `event_content`, `event_datetime`, `link`) VALUES
(6, 5, 29, 2, 'Accepted the bet, you''re on!', '2016-04-20 09:39:42', 'tabs.bets'),
(7, 5, 29, 5, 'Posted proof to the bet!', '2016-04-20 09:40:02', 'tabs.bets'),
(8, 5, 32, 2, 'Accepted the bet, you''re on!', '2016-04-20 10:56:00', 'tabs.bets'),
(9, 5, 32, 5, 'Posted proof to the bet!', '2016-04-20 10:56:26', 'tabs.bets'),
(10, 1, 32, 5, 'Posted proof to the bet!', '2016-04-20 10:57:53', 'tabs.bets'),
(11, 5, 34, 2, 'Accepted the bet, you''re on!', '2016-04-20 11:04:06', 'tabs.bets'),
(12, 5, 32, 5, 'Posted proof to the bet!', '2016-04-20 11:04:44', 'tabs.bets'),
(13, 5, 32, 5, 'Posted proof to the bet!', '2016-04-20 11:05:26', 'tabs.bets'),
(14, 6, 35, 2, 'Accepted the bet, you''re on!', '2016-04-20 17:56:55', 'tabs.bets'),
(15, 2, 35, 2, 'Accepted the bet, you''re on!', '2016-04-20 17:58:12', 'tabs.bets'),
(16, 2, 35, 5, 'Posted proof to the bet!', '2016-04-20 17:59:14', 'tabs.bets'),
(17, 3, 36, 2, 'Accepted the bet, you''re on!', '2016-04-20 18:14:05', 'tabs.bets'),
(18, 3, 36, 5, 'Posted proof to the bet!', '2016-04-20 18:14:28', 'tabs.bets'),
(19, 2, 36, 5, 'Posted proof to the bet!', '2016-04-20 18:15:06', 'tabs.bets'),
(20, 2, 37, 2, 'Accepted the bet, you''re on!', '2016-04-20 18:28:27', 'tabs.bets'),
(21, 2, 37, 5, 'Posted proof to the bet!', '2016-04-20 18:28:43', 'tabs.bets'),
(22, 1, 37, 5, 'Posted proof to the bet!', '2016-04-20 18:29:23', 'tabs.bets'),
(23, 1, 38, 2, 'Accepted the bet, you''re on!', '2016-04-20 18:48:02', 'tabs.bets'),
(24, 2, 38, 2, 'Accepted the bet, you''re on!', '2016-04-20 18:48:46', 'tabs.bets'),
(25, 2, 38, 5, 'Posted proof to the bet!', '2016-04-20 18:49:01', 'tabs.bets'),
(26, 5, 38, 5, 'Posted proof to the bet!', '2016-04-20 18:49:42', 'tabs.bets');

-- --------------------------------------------------------

--
-- Table structure for table `tbl_event_types`
--

CREATE TABLE `tbl_event_types` (
  `event_type_id` int(10) unsigned NOT NULL,
  `event_name` varchar(100) NOT NULL
) ENGINE=InnoDB AUTO_INCREMENT=6 DEFAULT CHARSET=latin1;

--
-- Dumping data for table `tbl_event_types`
--

INSERT INTO `tbl_event_types` (`event_type_id`, `event_name`) VALUES
(1, 'CREATE_BET'),
(2, 'ACCEPT_BET'),
(3, 'WIN_BET'),
(4, 'LOSE_BET'),
(5, 'POSTED_PROOF');

-- --------------------------------------------------------

--
-- Table structure for table `tbl_following`
--

CREATE TABLE `tbl_following` (
  `following_id` int(10) unsigned NOT NULL,
  `user_id` int(10) unsigned NOT NULL,
  `bet_id` int(10) unsigned NOT NULL,
  `date_followed` timestamp NOT NULL DEFAULT CURRENT_TIMESTAMP
) ENGINE=InnoDB DEFAULT CHARSET=latin1;

-- --------------------------------------------------------

--
-- Table structure for table `tbl_friends`
--

CREATE TABLE `tbl_friends` (
  `friend_id` int(10) unsigned NOT NULL,
  `from_user` int(10) unsigned NOT NULL,
  `to_user` int(10) unsigned NOT NULL,
  `status` int(10) unsigned NOT NULL,
  `date_requested` timestamp NOT NULL DEFAULT CURRENT_TIMESTAMP
) ENGINE=InnoDB AUTO_INCREMENT=15 DEFAULT CHARSET=latin1;

--
-- Dumping data for table `tbl_friends`
--

INSERT INTO `tbl_friends` (`friend_id`, `from_user`, `to_user`, `status`, `date_requested`) VALUES
(6, 1, 2, 3, '2016-04-16 16:44:19'),
(7, 1, 4, 3, '2016-04-16 17:36:24'),
(8, 2, 3, 3, '2016-04-17 19:37:41'),
(9, 5, 2, 3, '2016-04-19 07:38:37'),
(10, 5, 1, 3, '2016-04-19 07:38:45'),
(11, 6, 1, 3, '2016-04-20 09:36:13'),
(12, 6, 2, 3, '2016-04-20 09:36:33'),
(13, 6, 5, 3, '2016-04-20 09:36:41'),
(14, 5, 3, 3, '2016-04-20 10:48:40');

-- --------------------------------------------------------

--
-- Table structure for table `tbl_friend_request_status`
--

CREATE TABLE `tbl_friend_request_status` (
  `status_id` int(10) unsigned NOT NULL,
  `status_name` varchar(20) NOT NULL
) ENGINE=InnoDB AUTO_INCREMENT=4 DEFAULT CHARSET=latin1;

--
-- Dumping data for table `tbl_friend_request_status`
--

INSERT INTO `tbl_friend_request_status` (`status_id`, `status_name`) VALUES
(1, 'not friends'),
(2, 'requested'),
(3, 'accepted');

-- --------------------------------------------------------

--
-- Table structure for table `tbl_proof`
--

CREATE TABLE `tbl_proof` (
  `proof_id` int(10) unsigned NOT NULL,
  `bet_id` int(10) unsigned NOT NULL,
  `user_id` int(10) unsigned NOT NULL,
  `proof_name` varchar(140) NOT NULL,
  `proof_datetime` timestamp NOT NULL DEFAULT CURRENT_TIMESTAMP,
  `video_path` varchar(50) DEFAULT NULL,
  `text_content` text,
  `image_path` varchar(50) DEFAULT NULL
) ENGINE=InnoDB AUTO_INCREMENT=53 DEFAULT CHARSET=latin1;

--
-- Dumping data for table `tbl_proof`
--

INSERT INTO `tbl_proof` (`proof_id`, `bet_id`, `user_id`, `proof_name`, `proof_datetime`, `video_path`, `text_content`, `image_path`) VALUES
(41, 29, 5, 'title-unused', '2016-04-20 09:40:02', NULL, 'this is winton''s proof', NULL),
(42, 32, 5, 'title-unused', '2016-04-20 10:56:26', NULL, 'Here is my proof for this bet!', NULL),
(43, 32, 1, 'title-unused', '2016-04-20 10:57:53', NULL, 'Here is my proof for this bet! Winston will not win at trivia night!', NULL),
(44, 32, 5, 'title-unused', '2016-04-20 11:04:44', NULL, 'Winston got 190 points', NULL),
(45, 32, 5, 'title-unused', '2016-04-20 11:05:26', NULL, 'Mike only got 50 points', NULL),
(46, 35, 2, 'title-unused', '2016-04-20 17:59:14', NULL, 'The pizza guy just called and said he would be here in 5 minutes', NULL),
(47, 36, 3, 'title-unused', '2016-04-20 18:14:28', NULL, 'Here is my proof when I bet Bob', NULL),
(48, 36, 2, 'title-unused', '2016-04-20 18:15:06', NULL, 'here is my proof to bet bob!', NULL),
(49, 37, 2, 'title-unused', '2016-04-20 18:28:43', NULL, 'mike is submitting proof', NULL),
(50, 37, 1, 'title-unused', '2016-04-20 18:29:23', NULL, 'vanessa is submitting proof', NULL),
(51, 38, 2, 'title-unused', '2016-04-20 18:49:01', NULL, 'submitting proof', NULL),
(52, 38, 5, 'title-unused', '2016-04-20 18:49:42', NULL, 'submitting proof', NULL);

-- --------------------------------------------------------

--
-- Table structure for table `tbl_request_responses`
--

CREATE TABLE `tbl_request_responses` (
  `response_id` int(10) unsigned NOT NULL,
  `response_name` varchar(25) NOT NULL
) ENGINE=InnoDB AUTO_INCREMENT=4 DEFAULT CHARSET=latin1;

--
-- Dumping data for table `tbl_request_responses`
--

INSERT INTO `tbl_request_responses` (`response_id`, `response_name`) VALUES
(1, 'YES'),
(2, 'NO'),
(3, 'PENDING');

-- --------------------------------------------------------

--
-- Table structure for table `tbl_roles`
--

CREATE TABLE `tbl_roles` (
  `role_id` int(10) unsigned NOT NULL,
  `role_name` varchar(50) NOT NULL,
  `role_description` text NOT NULL
) ENGINE=InnoDB AUTO_INCREMENT=4 DEFAULT CHARSET=latin1;

--
-- Dumping data for table `tbl_roles`
--

INSERT INTO `tbl_roles` (`role_id`, `role_name`, `role_description`) VALUES
(1, 'CREATOR', 'Creator of the bet'),
(2, 'MEMBER', 'Member of the bet, not the creator or moderator'),
(3, 'MODERATOR', 'Moderator of the bet');

-- --------------------------------------------------------

--
-- Table structure for table `tbl_state_province`
--

CREATE TABLE `tbl_state_province` (
  `prov_id` int(10) unsigned NOT NULL,
  `state_province_name` varchar(50) NOT NULL
) ENGINE=InnoDB DEFAULT CHARSET=latin1;

-- --------------------------------------------------------

--
-- Table structure for table `tbl_users`
--

CREATE TABLE `tbl_users` (
  `user_id` int(10) unsigned NOT NULL,
  `fname` varchar(50) NOT NULL,
  `lname` varchar(50) NOT NULL,
  `username` varchar(25) NOT NULL,
  `password` varchar(25) NOT NULL,
  `email` varchar(50) NOT NULL,
  `city` int(50) unsigned DEFAULT NULL,
  `state_province` int(10) unsigned DEFAULT NULL,
  `country` int(10) unsigned DEFAULT NULL,
  `profile_image` varchar(500) DEFAULT 'default-profile.png',
  `birthdate` date DEFAULT NULL,
  `currency` int(10) unsigned NOT NULL,
  `registration_date` timestamp NOT NULL DEFAULT CURRENT_TIMESTAMP
) ENGINE=InnoDB AUTO_INCREMENT=7 DEFAULT CHARSET=latin1;

--
-- Dumping data for table `tbl_users`
--

INSERT INTO `tbl_users` (`user_id`, `fname`, `lname`, `username`, `password`, `email`, `city`, `state_province`, `country`, `profile_image`, `birthdate`, `currency`, `registration_date`) VALUES
(1, 'Vanessa', 'Rusu', 'vanessarusu', 'password', 'vanessarusu@gmail.com', NULL, NULL, NULL, 'default-profile.png', '1989-06-28', 50, '2016-02-16 03:02:07'),
(2, 'Mike', 'Hayes', 'mikehayes', 'password', 'michaeldothayes@gmail.com', NULL, NULL, NULL, 'default-profile.png', NULL, 45, '2016-04-04 20:25:16'),
(3, 'Bob', 'Smith', 'bobsmith', 'password', 'bobsmith@email.com', NULL, NULL, NULL, 'default-profile.png', NULL, 45, '2016-04-04 20:27:00'),
(4, 'Jane', 'Smith', 'janesmith', 'password', 'email@email.com', NULL, NULL, NULL, 'default-profile.png', NULL, 50, '2016-04-04 20:28:39'),
(5, 'Winston', 'Kitty', 'mrmeow', 'password', 'email@email.com', NULL, NULL, NULL, 'default-profile.png', NULL, 18, '2016-04-19 07:38:03'),
(6, 'Tanner', 'Fisher', 'tannerfisher', 'password', 'email@email.com', NULL, NULL, NULL, 'default-profile.png', NULL, 59, '2016-04-20 09:35:28');

-- --------------------------------------------------------

--
-- Table structure for table `tbl_votes`
--

CREATE TABLE `tbl_votes` (
  `vote_id` int(10) unsigned NOT NULL,
  `bet_id` int(10) unsigned NOT NULL,
  `user_id` int(10) unsigned NOT NULL,
  `role_id` int(10) unsigned NOT NULL,
  `vote_selection` int(10) unsigned NOT NULL,
  `vote_date` timestamp NOT NULL DEFAULT CURRENT_TIMESTAMP
) ENGINE=InnoDB AUTO_INCREMENT=33 DEFAULT CHARSET=latin1;

--
-- Dumping data for table `tbl_votes`
--

INSERT INTO `tbl_votes` (`vote_id`, `bet_id`, `user_id`, `role_id`, `vote_selection`, `vote_date`) VALUES
(20, 29, 5, 2, 6, '2016-04-20 09:42:02'),
(21, 29, 6, 1, 6, '2016-04-20 09:43:00'),
(22, 32, 1, 1, 1, '2016-04-20 11:07:38'),
(23, 32, 5, 2, 1, '2016-04-20 11:08:17'),
(24, 35, 2, 3, 6, '2016-04-20 18:06:56'),
(25, 35, 6, 2, 6, '2016-04-20 18:07:32'),
(26, 36, 3, 2, 3, '2016-04-20 18:17:19'),
(27, 37, 1, 1, 1, '2016-04-20 18:31:10'),
(28, 37, 2, 2, 1, '2016-04-20 18:32:16'),
(29, 35, 1, 1, 6, '2016-04-20 18:37:18'),
(30, 38, 1, 2, 5, '2016-04-20 18:50:54'),
(31, 38, 5, 1, 1, '2016-04-20 18:51:50'),
(32, 38, 2, 3, 5, '2016-04-20 18:52:25');

--
-- Indexes for dumped tables
--

--
-- Indexes for table `ci_sessions`
--
ALTER TABLE `ci_sessions`
  ADD PRIMARY KEY (`id`),
  ADD KEY `ci_sessions_timestamp` (`timestamp`);

--
-- Indexes for table `tbl_bets`
--
ALTER TABLE `tbl_bets`
  ADD PRIMARY KEY (`bet_id`),
  ADD KEY `bet_name` (`bet_name`,`start_date`,`end_date`,`winner_id`),
  ADD KEY `winner_id` (`winner_id`),
  ADD KEY `bet_status` (`bet_status`),
  ADD KEY `end_date` (`end_date`),
  ADD KEY `start_date` (`start_date`);

--
-- Indexes for table `tbl_bet_participants`
--
ALTER TABLE `tbl_bet_participants`
  ADD PRIMARY KEY (`participants_id`),
  ADD KEY `bet_id` (`bet_id`,`user_id`,`role_id`),
  ADD KEY `role_id` (`role_id`),
  ADD KEY `user_id` (`user_id`),
  ADD KEY `accepted_bet` (`accepted_bet`);

--
-- Indexes for table `tbl_bet_status`
--
ALTER TABLE `tbl_bet_status`
  ADD PRIMARY KEY (`status_id`),
  ADD UNIQUE KEY `status_name` (`status_name`);

--
-- Indexes for table `tbl_cities`
--
ALTER TABLE `tbl_cities`
  ADD PRIMARY KEY (`city_id`);

--
-- Indexes for table `tbl_countries`
--
ALTER TABLE `tbl_countries`
  ADD PRIMARY KEY (`country_id`),
  ADD UNIQUE KEY `country_name` (`country_name`);

--
-- Indexes for table `tbl_currency_log`
--
ALTER TABLE `tbl_currency_log`
  ADD PRIMARY KEY (`entry_id`),
  ADD KEY `user_id` (`user_id`,`transaction_source`,`bet_id`),
  ADD KEY `entry_date` (`entry_date`),
  ADD KEY `bet_id` (`bet_id`);

--
-- Indexes for table `tbl_currency_source`
--
ALTER TABLE `tbl_currency_source`
  ADD PRIMARY KEY (`source_id`);

--
-- Indexes for table `tbl_events`
--
ALTER TABLE `tbl_events`
  ADD PRIMARY KEY (`event_id`),
  ADD KEY `user_id` (`user_id`),
  ADD KEY `bet_id` (`bet_id`);

--
-- Indexes for table `tbl_event_types`
--
ALTER TABLE `tbl_event_types`
  ADD PRIMARY KEY (`event_type_id`);

--
-- Indexes for table `tbl_following`
--
ALTER TABLE `tbl_following`
  ADD PRIMARY KEY (`following_id`),
  ADD KEY `user_id` (`user_id`,`bet_id`),
  ADD KEY `bet_id` (`bet_id`);

--
-- Indexes for table `tbl_friends`
--
ALTER TABLE `tbl_friends`
  ADD PRIMARY KEY (`friend_id`),
  ADD KEY `from_user` (`from_user`,`to_user`,`status`),
  ADD KEY `to_user` (`to_user`),
  ADD KEY `status` (`status`);

--
-- Indexes for table `tbl_friend_request_status`
--
ALTER TABLE `tbl_friend_request_status`
  ADD PRIMARY KEY (`status_id`);

--
-- Indexes for table `tbl_proof`
--
ALTER TABLE `tbl_proof`
  ADD PRIMARY KEY (`proof_id`),
  ADD KEY `bet_id` (`bet_id`,`user_id`),
  ADD KEY `user_id` (`user_id`);

--
-- Indexes for table `tbl_request_responses`
--
ALTER TABLE `tbl_request_responses`
  ADD PRIMARY KEY (`response_id`);

--
-- Indexes for table `tbl_roles`
--
ALTER TABLE `tbl_roles`
  ADD PRIMARY KEY (`role_id`);

--
-- Indexes for table `tbl_state_province`
--
ALTER TABLE `tbl_state_province`
  ADD PRIMARY KEY (`prov_id`),
  ADD UNIQUE KEY `state_province_name` (`state_province_name`);

--
-- Indexes for table `tbl_users`
--
ALTER TABLE `tbl_users`
  ADD PRIMARY KEY (`user_id`),
  ADD UNIQUE KEY `username` (`username`),
  ADD KEY `city` (`city`),
  ADD KEY `state_province` (`state_province`),
  ADD KEY `country` (`country`);

--
-- Indexes for table `tbl_votes`
--
ALTER TABLE `tbl_votes`
  ADD PRIMARY KEY (`vote_id`),
  ADD KEY `bet_id` (`bet_id`,`user_id`,`role_id`,`vote_selection`),
  ADD KEY `role_id` (`role_id`),
  ADD KEY `vote_selection` (`vote_selection`),
  ADD KEY `user_id` (`user_id`);

--
-- AUTO_INCREMENT for dumped tables
--

--
-- AUTO_INCREMENT for table `tbl_bets`
--
ALTER TABLE `tbl_bets`
  MODIFY `bet_id` int(10) unsigned NOT NULL AUTO_INCREMENT,AUTO_INCREMENT=39;
--
-- AUTO_INCREMENT for table `tbl_bet_participants`
--
ALTER TABLE `tbl_bet_participants`
  MODIFY `participants_id` int(10) unsigned NOT NULL AUTO_INCREMENT,AUTO_INCREMENT=88;
--
-- AUTO_INCREMENT for table `tbl_bet_status`
--
ALTER TABLE `tbl_bet_status`
  MODIFY `status_id` int(10) unsigned NOT NULL AUTO_INCREMENT,AUTO_INCREMENT=7;
--
-- AUTO_INCREMENT for table `tbl_cities`
--
ALTER TABLE `tbl_cities`
  MODIFY `city_id` int(10) unsigned NOT NULL AUTO_INCREMENT;
--
-- AUTO_INCREMENT for table `tbl_countries`
--
ALTER TABLE `tbl_countries`
  MODIFY `country_id` int(10) unsigned NOT NULL AUTO_INCREMENT;
--
-- AUTO_INCREMENT for table `tbl_currency_log`
--
ALTER TABLE `tbl_currency_log`
  MODIFY `entry_id` int(10) unsigned NOT NULL AUTO_INCREMENT,AUTO_INCREMENT=63;
--
-- AUTO_INCREMENT for table `tbl_currency_source`
--
ALTER TABLE `tbl_currency_source`
  MODIFY `source_id` int(10) unsigned NOT NULL AUTO_INCREMENT,AUTO_INCREMENT=5;
--
-- AUTO_INCREMENT for table `tbl_events`
--
ALTER TABLE `tbl_events`
  MODIFY `event_id` int(10) unsigned NOT NULL AUTO_INCREMENT,AUTO_INCREMENT=27;
--
-- AUTO_INCREMENT for table `tbl_event_types`
--
ALTER TABLE `tbl_event_types`
  MODIFY `event_type_id` int(10) unsigned NOT NULL AUTO_INCREMENT,AUTO_INCREMENT=6;
--
-- AUTO_INCREMENT for table `tbl_following`
--
ALTER TABLE `tbl_following`
  MODIFY `following_id` int(10) unsigned NOT NULL AUTO_INCREMENT;
--
-- AUTO_INCREMENT for table `tbl_friends`
--
ALTER TABLE `tbl_friends`
  MODIFY `friend_id` int(10) unsigned NOT NULL AUTO_INCREMENT,AUTO_INCREMENT=15;
--
-- AUTO_INCREMENT for table `tbl_friend_request_status`
--
ALTER TABLE `tbl_friend_request_status`
  MODIFY `status_id` int(10) unsigned NOT NULL AUTO_INCREMENT,AUTO_INCREMENT=4;
--
-- AUTO_INCREMENT for table `tbl_proof`
--
ALTER TABLE `tbl_proof`
  MODIFY `proof_id` int(10) unsigned NOT NULL AUTO_INCREMENT,AUTO_INCREMENT=53;
--
-- AUTO_INCREMENT for table `tbl_request_responses`
--
ALTER TABLE `tbl_request_responses`
  MODIFY `response_id` int(10) unsigned NOT NULL AUTO_INCREMENT,AUTO_INCREMENT=4;
--
-- AUTO_INCREMENT for table `tbl_roles`
--
ALTER TABLE `tbl_roles`
  MODIFY `role_id` int(10) unsigned NOT NULL AUTO_INCREMENT,AUTO_INCREMENT=4;
--
-- AUTO_INCREMENT for table `tbl_state_province`
--
ALTER TABLE `tbl_state_province`
  MODIFY `prov_id` int(10) unsigned NOT NULL AUTO_INCREMENT;
--
-- AUTO_INCREMENT for table `tbl_users`
--
ALTER TABLE `tbl_users`
  MODIFY `user_id` int(10) unsigned NOT NULL AUTO_INCREMENT,AUTO_INCREMENT=7;
--
-- AUTO_INCREMENT for table `tbl_votes`
--
ALTER TABLE `tbl_votes`
  MODIFY `vote_id` int(10) unsigned NOT NULL AUTO_INCREMENT,AUTO_INCREMENT=33;
--
-- Constraints for dumped tables
--

--
-- Constraints for table `tbl_bets`
--
ALTER TABLE `tbl_bets`
  ADD CONSTRAINT `bet_status_id_fk` FOREIGN KEY (`bet_status`) REFERENCES `tbl_bet_status` (`status_id`),
  ADD CONSTRAINT `winner_id_fk` FOREIGN KEY (`winner_id`) REFERENCES `tbl_users` (`user_id`);

--
-- Constraints for table `tbl_bet_participants`
--
ALTER TABLE `tbl_bet_participants`
  ADD CONSTRAINT `accepted_bet_fk` FOREIGN KEY (`accepted_bet`) REFERENCES `tbl_request_responses` (`response_id`),
  ADD CONSTRAINT `bet_participants_id_fk` FOREIGN KEY (`bet_id`) REFERENCES `tbl_bets` (`bet_id`),
  ADD CONSTRAINT `role_id_fk` FOREIGN KEY (`role_id`) REFERENCES `tbl_roles` (`role_id`),
  ADD CONSTRAINT `user_participant_fk` FOREIGN KEY (`user_id`) REFERENCES `tbl_users` (`user_id`);

--
-- Constraints for table `tbl_currency_log`
--
ALTER TABLE `tbl_currency_log`
  ADD CONSTRAINT `bet_currency_log_fk` FOREIGN KEY (`bet_id`) REFERENCES `tbl_bets` (`bet_id`),
  ADD CONSTRAINT `currency_log_user_id_fk` FOREIGN KEY (`user_id`) REFERENCES `tbl_users` (`user_id`);

--
-- Constraints for table `tbl_following`
--
ALTER TABLE `tbl_following`
  ADD CONSTRAINT `following_bet_id_fk` FOREIGN KEY (`bet_id`) REFERENCES `tbl_bets` (`bet_id`),
  ADD CONSTRAINT `following_user_id_fk` FOREIGN KEY (`user_id`) REFERENCES `tbl_users` (`user_id`);

--
-- Constraints for table `tbl_friends`
--
ALTER TABLE `tbl_friends`
  ADD CONSTRAINT `friends_from_id_fk` FOREIGN KEY (`from_user`) REFERENCES `tbl_users` (`user_id`),
  ADD CONSTRAINT `friends_to_id_fk` FOREIGN KEY (`to_user`) REFERENCES `tbl_users` (`user_id`),
  ADD CONSTRAINT `friend_status_fk` FOREIGN KEY (`status`) REFERENCES `tbl_friend_request_status` (`status_id`);

--
-- Constraints for table `tbl_proof`
--
ALTER TABLE `tbl_proof`
  ADD CONSTRAINT `bet_id_fk` FOREIGN KEY (`bet_id`) REFERENCES `tbl_bets` (`bet_id`),
  ADD CONSTRAINT `user_id_fk` FOREIGN KEY (`user_id`) REFERENCES `tbl_users` (`user_id`);

--
-- Constraints for table `tbl_users`
--
ALTER TABLE `tbl_users`
  ADD CONSTRAINT `city_fk` FOREIGN KEY (`city`) REFERENCES `tbl_cities` (`city_id`),
  ADD CONSTRAINT `country_fk` FOREIGN KEY (`country`) REFERENCES `tbl_countries` (`country_id`),
  ADD CONSTRAINT `prov_fk` FOREIGN KEY (`state_province`) REFERENCES `tbl_state_province` (`prov_id`);

--
-- Constraints for table `tbl_votes`
--
ALTER TABLE `tbl_votes`
  ADD CONSTRAINT `bet_vote_id` FOREIGN KEY (`bet_id`) REFERENCES `tbl_bets` (`bet_id`),
  ADD CONSTRAINT `vole_selection_id_fk` FOREIGN KEY (`vote_selection`) REFERENCES `tbl_users` (`user_id`),
  ADD CONSTRAINT `vote_user_id_fk` FOREIGN KEY (`user_id`) REFERENCES `tbl_users` (`user_id`),
  ADD CONSTRAINT `vote_user_role_fk` FOREIGN KEY (`role_id`) REFERENCES `tbl_roles` (`role_id`);
